xposition,yposition,demand
8.680988358193087,-18.030705637120924,10.0
-44.326122981240765,-58.59188223298182,46.342444368196446
-15.096481850173383,91.20453338449383,21.483832938514176
68.95522646398074,-18.797764566728993,31.549305918135794
-99.05622876180549,43.3760261809222,10.0
-75.68617584337716,34.46628168799491,15.361127786226604
34.149816945355724,68.42742051074492,10.0
65.17055102100953,88.14807845947841,18.165915917375468
-72.65868206300941,-6.0397786598081815,18.15416097510731
15.01866588545,-78.45669522225766,13.657428231833801
78.2643908624528,13.337079748267367,20.216725918358385
-58.159575576562084,95.9554059804869,16.222048732845305
-62.93435608998499,-13.217059693961897,37.22970675374954
-78.32462190714897,63.606887296595694,29.36000607032848
-56.060501475001566,-12.550080655174668,49.34045379556416
95.72475694147393,62.10685985504006,10.0
62.336629817864655,-54.0783068382831,16.41101556934209
-65.61179745348116,-17.804370966241745,33.41272342878217
63.244949745167986,46.190227963625354,25.23807140162393
-45.185250591660164,27.46288124761438,16.02989120475769
-13.659163267375662,53.82853616427419,29.54496250164917
88.00596392447493,91.24480844917943,10.0
63.52987575534548,-24.798667630775316,40.32671854305481
-32.77760997582027,79.14028435941276,35.41721845271443
-64.91790925153266,-58.30390086848525,20.19531924702138
-25.433590742015365,-87.36071200338371,34.42093135779571
-98.86229852948532,-52.11566541628896,48.330063973407704
-49.514729311031914,56.039849765096506,21.975280014857923
59.13250169465747,-24.784911696493705,11.153367940804436
-96.9490057507322,16.29674591049084,34.102471856415015
19.768675385698575,-51.65957286524616,10.10978300151995
20.760907808570717,-12.289082649365323,42.856535516312846
-78.97046291758873,-63.90954536587237,48.46607000306088
-23.61131101137799,-25.375906432841113,10.0
-92.70478868148622,72.78667814766604,10.0
78.08231268841514,71.19873506112484,10.0
96.1841714024623,88.0159099132982,26.410697154897033
-88.01160223639255,-18.852002067578223,41.9152940347297
78.10918894570082,96.46204270115386,47.132974116196955
15.380299880006575,-3.479211243384839,10.0
48.49593781959547,75.42415649389834,48.239646820727764
26.036787295075214,-18.224155950603315,10.0
16.368438479755575,-36.04535474512327,22.851734513061146
-95.91217359461537,28.49371963308256,18.269560523969
-57.99468446542788,41.873089163199495,33.80329547077664
8.936975635729505,48.46936334601908,16.198226163959646
53.82303422113033,20.90292542993739,15.627467024287961
-49.86095417232082,71.6883094783251,11.553135195294201
-42.82086191862706,29.98136765760073,15.563958893225882
70.47901756826127,-45.9028221605168,10.0
95.00129872131751,71.6949731262111,10.0
76.9706586982211,-63.8350063986421,10.0
-28.098431212619545,7.54102302961448,13.679154411392469
19.771789175149436,-22.61401649330379,44.786071176953726
-29.040877668540045,23.917041854767305,10.0
-31.96195692587085,9.717261194620107,48.70043042749418
-64.38380209883903,-7.221197596237072,40.054033336536236
-52.46115827518991,65.28896764627108,29.031136988458524
-91.02754350784494,-19.800434514965225,49.28275103423605
1.0862859271578484,23.900655953679852,14.94131902490925
-24.749509140527405,0.14182366675892233,39.32056859196532
18.561080195177325,0.17790083073516705,44.8381358843777
25.988375117499473,21.780620763348125,24.77567317601569
-71.4799371107433,99.07304819917972,43.30109750770577
86.76825989328381,-50.410096156672246,17.04228199446991
89.27597616182025,47.68668117840276,34.03477492407666
20.45933154617312,86.00878363611433,11.82612886963902
-22.44674393467385,16.882415139085705,34.098179494168235
-27.362399178130037,76.12943041578801,38.64994703394458
-59.13094462627115,38.41182396113352,22.242868033534368
-44.646987720732966,-29.716344119164507,10.0
-50.69282375929007,64.13989017034987,10.0
-65.27839965195898,-52.58300776173914,35.02266513577493
93.32193889746472,84.33873369648855,25.76953090738863
91.40252007055962,83.7697809108169,10.0
19.594736865784146,25.906142367149233,12.099495160271362
46.26015061198452,2.444623406822144,23.307510553116806
-31.92295543251278,-40.02969574002435,20.30899517352883
-81.58887932455228,-9.787580182301326,10.609801815007348
-7.300396212570459,43.42871666944483,18.909387693905323
1.73977864763879,-42.0578460565141,33.33492658278217
-82.30796539942185,-58.231169054067045,10.0
5.607044663609484,-36.69261625011233,26.232293585290268
98.43160730210565,14.646923370367615,36.80878320718263
-20.99281364835408,-7.4947545396208515,38.45903271518908
-32.880711656286344,0.5237128325431106,10.0
61.09010746585595,-2.5516912515619605,10.0
50.86979891647072,55.8454539295286,44.41382698095968
-37.386711682298056,-21.972821926061094,10.735201198863265
26.807336592455023,53.707035574835295,38.181897997271214
8.08091506014328,72.29365255228974,32.442006895027035
-40.64124982399706,-69.30991164582588,35.64792872022215
-77.84241976351085,23.07089982863557,40.700646901573634
-37.47194042485138,2.6463104833425843,27.518710229417387
-8.604173990146835,97.85312778435377,10.0
31.788014045239386,-83.43494240329936,18.442682563865837
-49.14849643645638,42.29398524323174,10.0
28.220251740140334,-45.36911658796643,11.179887296905278
-59.97527855631937,98.98828527891223,12.55064456895288
31.524961105796745,-29.054417211108174,47.08741840753144
55.6578430899697,-82.27491717320108,10.0
55.91967972214993,96.65007538331076,40.70361317211561
22.065630641878762,-4.151403625632599,17.027897906433715
-38.199930295119565,-3.566595902557901,39.96762109819412
39.546981502591194,5.309083208722032,47.436391148992506
71.92365914581302,88.61486536482317,44.71933319783502
25.064751551361518,-1.8592296566004585,15.058301054861678
96.48156592190993,-93.9739207678862,38.04780475566356
95.30002540317106,87.09406856414125,29.39174014828156
-66.66117376022838,49.456000176528114,29.021085585680755
-95.36437270431928,46.08229842256213,10.0
-67.85109029858367,-78.9437691084181,25.85256756589212
84.69936505181748,53.12051260519919,10.640928689363605
90.70996997590679,41.57580892171886,48.15210830247337
-57.80431625631073,84.50762874322726,21.58616158900017
-27.894949837078364,1.8142724901102136,30.52566622835449
9.875052325534428,42.421993676590745,28.35657363018185
-45.633830164605584,74.2096643061545,23.49709099576221
-7.8796757850299715,-13.867637008561706,31.902403488390917
39.232312964677064,-2.5742617640744925,10.0
0.07117933497300388,-75.553639962982,10.0
43.21419811286722,-61.9967832725671,11.345227663833402
5.191187245955797,19.948106082877494,10.0
-99.72019537619123,-40.384474269169736,41.79178632781789
-21.059942662032903,-63.46332644471959,42.24124180761286
-1.5666060197700116,0.6055380607147498,49.31056548040158
-19.423933724171572,90.13392743167034,27.3391482248262
-29.140339978735884,-53.48398160826604,46.96236337549423
0.12286388859064079,47.8164088541049,10.0
-10.964674233772342,52.33426285423106,22.617578201514693
-81.91344236071284,53.21129593637435,22.107787210485043
-45.28741599451187,84.89916032065135,32.31715888948635
88.69541954854539,-35.43825478219071,26.60476707253136
-94.6910717332116,35.78857675457723,41.54140019634738
-92.00026207186984,-65.63600208474334,10.0
-43.37192805603609,41.91478875868941,10.0
16.468834043353773,-2.135323046798643,10.0
98.17856058496541,-11.6157461501452,39.723628770908284
98.52844748059361,29.315159559705386,10.0
98.62347449620896,-4.313283645207555,10.0
-77.9903338066874,56.19671307464176,34.96935070207816
32.89628919278802,12.756891909456481,10.0
4.797366897662569,69.8320744593601,13.267545115473467
-65.37001803825379,-33.502501473842706,25.209458253666917
88.59204898300514,37.52766914596464,10.0
-51.627982804749536,-37.93482847603411,29.075464147886144
99.78645376864239,32.15909230275942,25.883036072588446
16.53876302997974,-29.105064449497608,21.335039066465022
-63.34419987388485,-87.73750277156648,45.7632991064073
-22.63091561644195,-11.218302960252968,21.289486663700767
-62.06529421757008,41.6651699532195,40.45953724342086
-17.845865394938,-48.5162684373065,10.0
18.93601378034109,23.672605576126383,10.0
43.31721862566798,-75.67494429700923,17.764228595407022
-2.621703526175301,27.46486162094608,10.0
-38.08203644665908,-88.3416506163237,34.611544627097565
15.488274565569471,-90.47517975451665,39.2646076596342
-11.658436086251411,2.3889118407864007,20.85689924035581
-28.064379479892754,-40.13700182305011,16.1673889884111
-35.73361359823728,-30.712772931886036,45.80535235644872
-58.35855196079547,29.843486920739238,41.87063628531516
-9.748275187633126,89.77765402172312,29.84800889095172
-1.6314179471892176,3.248375835575046,37.31538487243872
79.81526295874224,42.70868815204465,31.52635693204326
45.87209220588824,17.232249757762872,10.0
54.0179545839391,-21.01283237292133,10.0
-24.912150487602357,34.36330505801981,29.490062853246524
-31.252092952923128,-52.56588474465529,10.0
31.00704119986448,69.6418292470095,35.74532256204156
42.20759864209951,-41.50536659789752,18.479726632040688
-77.29248495626476,-75.86873479007123,10.0
-73.394262125285,-13.763161080870944,21.021138418031484
-8.79218847877521,-45.60968785393764,37.9406231854267
-68.05275396829798,-45.25474478360534,17.347861102073836
92.32838075492916,28.440513872225214,10.0
67.52314897236195,-10.017534300397891,12.027539315848912
4.032137407584657,81.69695457383115,17.16556743749873
-56.34554845436912,55.079433612141116,10.332661200449762
-73.01625549352025,-32.17749600689825,10.0
95.81406909677376,40.74813007225049,29.737636519870797
41.408699137828634,-52.176275709611474,10.0
71.99511138913262,-58.96778484004055,41.94079545830518
-22.565474434272193,36.79372016759066,25.630621288736176
-49.833196033655035,-16.66094220668759,37.93125685297454
-40.112396211059554,-60.95771050698089,19.223589382248612
71.37910568100314,-21.934084944351984,10.0
-5.403201886355791,-80.29531536857945,10.0
32.65540940322565,-35.49112402268231,21.589385383133024
61.145721487357044,77.89562713519449,39.694263138905626
-49.40389907005518,88.45438299258197,10.0
-84.08531220593503,31.49415148882113,10.0
46.55212100314303,-60.87425023962454,47.85988662954006
92.2794955007211,5.135752148207384,41.944449245210414
90.76094683353256,-37.838179181488044,41.990547528522484
-1.9001896232200721,11.069678866275723,10.0
26.43841288655102,7.1059614735323295,34.28204829493112
46.59900396759846,-6.977414220321698,10.0
80.48190064959324,53.572918866662974,22.21606721131593
-67.55061625035998,77.38939433730965,48.20459420077353
-18.823735526487752,65.96187368362894,28.780684301835695
-16.581852883267835,91.76861579128084,22.792418747480557
39.11820565841477,82.21279921937108,21.514515206354044
-15.030552415033682,-76.06504323116773,20.283405772914143
71.62284521028594,-77.106281008098,47.318024141572494
69.38649592188379,99.39300126565391,10.0
-85.96017721826223,-91.99833480837849,14.885644535126213
-39.6495173031703,71.91274890373589,10.0
95.92473620603403,-6.898993255261487,31.81856500688296
-92.87460068939303,-42.2003345221617,11.768180960017133
-1.521470600283581,46.65279156010209,34.546583107163784
90.47537060270928,-5.561510073244991,35.07667989355356
62.11475170589422,-26.793243595082327,23.770101480175796
-41.13391174072576,-85.25138282472142,34.467053424163105
19.24670370366823,64.24106046669975,10.0
-13.764429540054014,-2.3966170421358512,10.0
18.479500597797262,51.41241297312258,10.0
78.75042094404121,-25.78438547813857,44.780150842213985
10.804237954341245,-46.099035047472015,37.84461098303886
-1.4266985309452362,46.918927085340286,24.504252034229197
-36.14590856209976,69.31290525974873,11.865263813326987
-47.3268433898552,54.63194253929024,10.726488106532045
8.456122707159164,-80.54737600583431,10.0
-83.5470952135952,-37.42303891915586,29.63889769936786
27.127341965079708,-89.14052575039051,10.0
59.28104503724156,99.28357289941432,46.119210900817365
90.94950108616177,-64.4602531295424,11.876570370083407
36.92485433854258,-25.75379903562929,20.239778221268374
-2.341366638980147,-28.213481580712486,10.0
-2.917137963126537,-52.16381162026469,29.187653417236685
93.33858411659355,-61.17511072028541,38.014133098936135
-57.73042250057567,44.431373957894714,43.489312723125614
-17.670372364433405,99.26997247999778,21.740721588132857
97.93311535585667,31.576212311745742,36.9129759791739
-94.31762865734964,-62.07186636695641,17.902212433940264
40.26530281870322,59.2100026757445,14.46016053356427
-94.96568722303762,26.629766808810817,24.016322934378852
-35.823654782692756,-88.00506811271198,24.582479578525966
-85.29458762688517,-9.752607171772109,10.0
-87.8230871306729,-20.368884029466884,10.0
-77.71873665918936,-8.50245775621028,33.16694490454532
-66.14621837091381,-65.3409182825934,31.487650296359288
25.53725590021081,11.032044933841245,45.738653445240914
-12.321381072031334,35.115140563393595,29.637531114453935
66.18075292079494,65.28556812607724,10.0
-52.041562087105554,50.79506928189541,21.50729228786597
-61.98945841605259,-92.38674702344305,22.798089424216762
42.379931716583144,59.022730380320596,29.22294543868106
71.65898506535551,30.78636141616917,35.24260895480305
11.811177119203897,20.998660471973075,20.964386443546047
40.88408165777142,-99.84017470230656,38.26331452718729
21.02240710363581,-97.37704370727283,10.0
11.843456653608019,-70.57903013247729,10.0
72.07883818151734,-46.875216264038635,35.87111556569207
83.95107183001396,-87.90109834429636,37.444300274618776
69.92146515179627,-48.426873830065546,10.0
-49.10669290110909,-54.18773339632723,38.788599379509805
75.51110845735418,64.81675421939623,10.0
-12.973961981554849,-59.62910268962547,46.7213046845182
45.898868792901595,76.2184651257404,10.0
-17.471846492241138,-57.12709886284804,10.271088735637967
-61.8327908377555,-81.75049988542555,24.529626833710676
41.20390399123244,49.1611587046211,10.65780518809833
-51.87343581402941,0.8680070105269166,38.95544651651615
70.26488536659907,17.240408656673512,30.881594525350604
64.82045785171735,-27.16877736102441,41.61802614833632
5.0423573227941,10.650791908223223,35.28641126697463
-22.731841138766317,62.56893982125391,38.546187160213044
18.176158146984946,-71.98534851712151,25.48237828117998
-72.49527701843486,-46.47497957606019,10.0
61.654081578321666,47.90971005156563,49.113589918814114
93.165163048897,-45.2407843776458,10.21505485211191
55.95916084658696,19.372292881381693,11.614343294236134
-52.13298358083605,-32.275506389929085,30.922625503753782
73.45208262168612,-85.67924107699795,21.975877543961463
61.62300257874007,-0.2806248606290529,10.0
-87.2637751559063,42.89826192214148,10.0
-53.7543391902394,98.12685255463238,13.01028794364824
17.93708974070536,-38.767157161111655,45.50937199314034
-72.50261040444516,-13.636201261214186,44.78634960176876
35.68814087429717,9.636711973176126,40.63087474957736
98.43813790304942,18.45578243100463,31.58780005759826
-42.849603036885654,-78.41312355333665,29.94681655039274
52.18255191177001,44.360604756705534,29.964343725231117
-90.69456646677227,-42.437013234808774,24.1427169579011
-33.49281869555867,42.03909818596856,10.0
88.91055820541148,-47.01653200232505,43.30916246971952
27.30340825095572,-34.14164455894901,33.830891280898356
20.369721226378502,-69.21214336342807,27.821601622235566
85.63693629272929,-38.85274449622593,10.0
-63.664117840677314,53.51871368724179,10.0
-96.43536319469578,14.769608800014788,13.953083680927064
-61.9855647731655,94.34204701889048,32.64415163773361
4.37435956491794,38.36987361337714,19.149920437217364
-0.8356028192659126,-1.7275484075008674,22.99586210987183
60.09824111383051,-16.20923738045976,10.0
71.88726228898221,90.57568441141032,41.024909367347014
-57.408793551931005,-71.15549565932773,10.0
-12.546231710467271,4.242061170868183,36.88531819983709
-15.67649818748209,77.82989083885532,42.91575386517319
-89.05652458361163,44.863230582542045,37.22281833662535
-98.01326126580341,30.485460561597556,10.0
57.953135867201325,14.642175438874672,20.54498275702061
-44.93735624102033,-62.9834486795606,16.851794411366654
43.548000908667284,22.776173773248477,10.0
-15.728815648688844,-84.60995741536819,46.15457886332554
-71.33282556620009,33.618903402128076,41.50909728672505
-61.49566394960413,-53.70404705651461,27.689216633201386
-37.23695333647294,-55.25230563111174,48.97407274346159
61.03403347345944,-84.13687131338222,41.160757367158155
-97.474833928504,5.810628132273088,23.89399012851478
-90.17880546048882,-41.5585550106164,10.0
13.200076997018705,6.948866054631275,20.893881991763212
37.36213923087921,-0.6721064934371634,17.596406414556924
45.36218101034135,-12.257250621725069,10.0
-4.0612477396646085,-18.066571643263927,39.33356855734677
-26.4686556442943,-47.877797031102844,38.9228504391025
67.99401984035028,-82.12503244437875,10.0
-9.167289509798927,61.33732641074763,10.0
-35.72683224356026,-68.68493685351547,12.164655761926557
-81.45602656579169,82.78522905156605,10.0
-87.91241357288288,-10.666926015654731,39.436178484931624
-81.80976655982504,-10.119827806298254,29.59503676909793
36.541291285661416,-83.64112540189734,38.59972108429927
36.14715344612753,39.29868323710768,10.0
-51.36516682251493,-58.685569249972126,11.619018402224512
28.09228843120597,-80.85937996385056,30.453253155103223
-86.17216337768971,44.40214445580817,43.65835645611756
74.58399234925304,-21.268962740113494,11.358210261733397
-78.07861003349745,18.222615170368826,14.293665313782494
-66.1888469761131,2.5529236369860264,10.0
-6.524401710930494,-95.04151183056166,10.771636323876404
55.189843880674516,52.55892278186598,16.88966996115815
70.88890314101131,-46.84763879324285,10.0
-57.92271104656825,95.76536803533315,15.177141756403213
-84.6716261462194,89.73720136957095,27.554717863255394
57.7829594206436,45.133994697898984,10.0
9.500000229860417,45.10100411029152,43.37169650475665
57.25097256308249,-89.83504183676534,24.00821128997913
84.00940857174209,18.813222865056733,11.695891775546762
-3.805446814423785,43.42533127667607,10.0
-8.089265997963203,-91.62540982930099,14.66606065566073
19.795831096190632,-2.830333312719957,10.0
19.863756144856893,97.36485178877817,45.144850602160794
0.8746902467515083,-90.43473301985136,10.349883643085
-38.624294051309874,15.770394827450328,28.76532714163701
8.270596069822522,-85.68812041611291,34.31021316357192
84.98538868055832,-43.97165114033841,37.133921530068434
94.11016040604376,40.36436520108933,23.166762454567152
-20.841078020600712,-67.53561208039002,37.17247816815391
59.749054511067826,-1.5427025596908672,16.29274307608722
27.017629550185298,90.90914225949696,10.0
-54.00616695019338,17.87103247304851,10.0
-89.75858142741255,21.325364042148287,12.628262074843105
-94.30723876572964,73.59730880770132,46.45375667149946
-75.43044961924612,87.30958736891698,34.492418384222
-55.95749643327228,-71.16790801367586,15.95443680290734
65.80455074016456,-44.59856195984337,24.586934218348127
-42.90163445999211,-74.93561254894243,17.619410828286856
56.212816526218305,76.944157631503,42.69831238685453
0.9331625193358173,65.34755409289407,12.664182145833347
-72.31021524468306,99.07177621855607,14.187795049568402
55.60731046679559,62.773923158202074,10.0
84.26635870416854,-76.17085988068195,27.495054729481318
88.60372640723828,86.30735670285728,26.098120423015693
40.887159452788666,-98.60266145377861,10.0
38.78328909518176,7.679249890493289,34.42522525911381
9.310362673499007,56.500308439487476,45.52401620691422
-26.156554052423388,77.77385034558237,24.067922260119186
96.4935149453986,-38.92487448569519,28.7621216097257
-86.87815491449904,28.935500787116354,27.945518368362272
79.53566214845311,-75.0161306702281,43.62753779864657
-47.21380218102587,21.716860072551604,10.0
14.895168404667691,-62.100312119830626,10.0
2.5732536187575317,-12.186836124041678,43.409670691107685
10.8953616143868,94.08252060427526,29.6145008294133
29.433466365679827,-86.38144895308515,28.853029174927673
-62.9051681891039,-58.9654275477693,10.0
-45.60435913819569,1.5143881882031307,47.21919208344298
-70.31226845144329,-71.89997647637803,28.40672755594226
-93.939165881119,86.74767114532975,44.32878047727368
87.85111683042786,21.309086341349627,37.68505112176697
-30.649173964759214,-7.693694166226228,31.899872734777755
-78.08707913887804,60.300434181909694,49.26779921090365
-24.33460086770598,39.74146241529055,10.0
-23.18410819171717,48.91146858379896,10.0
33.084737583892256,-34.96724428366795,33.92429899593824
-51.10181413876806,-64.30984256814705,31.522351209822684
32.296194754736995,-97.12969947488776,27.977454163868952
-80.30142324162756,-78.59005454384796,36.710651183706474
16.172549533370308,-45.389659813792214,29.361417968860763
-78.62689906628985,23.304355087928652,17.754663850979185
9.650901492797503,89.51584475281784,48.8883595216712
3.9503415422414534,81.29447376858494,18.287861563910816
-40.75317642684848,93.0188056427184,45.909970396566884
-8.854189800380308,-32.47578527176025,27.271129366474227
-92.26669597408663,31.280617533836953,17.58424760215776
19.800604977700175,-41.708843801414794,43.53649093426301
-99.90264810494803,-69.82615529380449,10.0
0.3627187371062268,-92.61358730719749,23.926867918176587
0.34522433832286925,19.592748502252878,19.0165636999073
-87.86606081700856,-94.45354449484617,44.34529379238065
89.96738782996898,-23.552547177905446,10.0
21.731809027964168,90.65018240748239,18.361056476698295
34.400536758428714,-55.56029455445537,42.35747525271999
-7.445295261086882,-38.97477596518974,24.80469837279486
40.854619046993456,63.86396038359232,10.0
-63.78657176677856,15.693963181566106,10.0
29.51643546646514,-94.47656309933612,34.61712604580061
13.621746969099169,90.87755435018154,27.20211782624516
90.82766290689904,-37.57223507534799,29.355044096422052
59.33804777627232,-63.185424264464295,22.25456260080006
17.06207854239001,-96.7060746666754,40.97763974961751
-8.929006585359245,4.812194031153361,16.1859038419223
47.6903061062989,-66.60864668765537,26.51826940796026
62.44725559255762,62.588409365811025,10.0
85.45823471043002,-99.43323948650162,35.73108491848724
65.27512134430242,-80.15247609767582,27.687709000862387
-94.00868046698274,-15.325839416186039,10.0
54.560564361781736,-98.83818012844843,10.0
4.35547872326405,28.78568647543802,19.151055464424832
77.0774664482452,5.177914290678065,10.0
-8.287666583269226,-50.182223158401044,38.81947484621799
8.144515231924032,-45.76098906270882,10.0
81.55299965308271,-88.23873199580264,13.79256077478923
11.26200805537465,92.03795638279936,18.2839179381047
-62.57705554187076,-67.8176130468212,37.81730812415617
36.222273508390735,58.91151800167198,22.41506067363469
-97.23066291638168,-16.91720607777265,10.0
-23.98166842981311,-74.06901682514102,17.138603333971496
61.73689802667837,-88.67256385899107,40.740488405020244
15.225082482375063,-60.60875632342253,20.604286441613734
-69.64309909399933,-90.640055598423,24.286635539713362
-34.02904792409913,80.4444416480538,44.58397636231582
90.35462922966515,67.47432878555841,31.953835531018264
-93.92305540015803,-4.3435862803058445,10.0
55.63470543118969,-74.45512820024945,33.35065554948458
-63.72322803224528,-31.84735210255274,16.208244597899945
-57.26862630987397,-7.81950511416083,10.0
30.519244584418104,-64.0241875994704,27.259742540592413
-71.18161078783412,4.202218770325361,11.065815493591547
-23.798545878589383,53.8849822141439,18.251051343108777
-18.853093485470218,49.44545564683034,14.911996028159235
31.793086914520718,72.93583385828066,41.67082828520269
2.3645347426887176,52.82436787628484,10.0
-3.4829792299516216,70.50468849152156,29.098489689656187
4.804359656797774,-46.42051293034246,28.11821614316216
61.25717464854426,45.838065299655014,12.591654674495667
60.87821613385876,37.529072382187636,10.0
-70.45991277949821,-29.823847415666926,29.414715245685063
98.69071541613947,25.879832112118994,30.342173600237892
-86.4464528497618,-21.888763435371274,36.4934903075829
99.16316139247894,2.8857188157018543,15.306240193730385
-75.31006146933822,-39.20729287142413,38.05390013128248
-87.61416041331984,59.39995210573339,46.78495276495104
40.807088355643884,-78.43538496603809,19.86064577110234
92.19593059557667,49.502936292191,42.32243313780595
42.430189580467804,93.38171480163741,32.47816117584766
32.61626446414694,-68.56869851114193,28.150731947478132
-73.26500755508714,74.57917035242232,39.75897757947634
-63.930966154330385,42.88836670284826,15.081379762004637
-68.65682621554335,-30.135215384159643,13.79616609842833
-81.90530374423386,-62.38440598857906,27.757070742665096
94.37322964900652,78.33560070656702,10.0
1.9722260569800198,-30.935404188786197,24.825624873511842
-9.824504739789642,-58.91181748032681,18.858378391462775
-34.05980430055742,-78.12065244235067,37.87513155976087
-1.2975915901050739,37.986700355835026,14.956257643707744
-71.27980298388346,-93.13286400310947,10.0
-69.81594183190454,-4.045783993819385,18.001437874164438
63.06771589197553,3.6613349978652066,23.62327455481077
-57.74362324072766,11.836907175878707,28.244402598372066
-82.69153552854165,91.36931400602319,45.12250631513907
-22.548516493756555,54.587334559693204,19.563617729127092
78.68068280442328,44.66049970494899,39.78640640434597
-14.271340411427502,75.66298482322509,42.23943604025526
53.2608024360423,93.15972828299542,37.22875988982061
99.05308040348137,-32.05985954308426,16.62663448120774
-95.98742982097768,45.37704326167491,13.148107034280116
-78.36035426618157,25.24775006017501,36.83329702426635
38.948534298724,61.87560755110751,36.352650161769056
78.13281009131026,66.29580473062254,19.579406557589085
-1.5047352446834195,84.59448004709058,27.344110212519112
-85.94640192090101,62.82089464996679,23.394906045572117
-82.31252713002422,-42.98726296807549,19.013204560357284
-78.75836829390212,21.17314865122648,25.21531767337632
-59.74822435064313,-47.800553056604066,28.440392759312367
75.47280106612814,62.929198874143964,34.06096387598124
88.64450044038573,-7.106511228348533,21.91990657349452
-72.87277240393612,-45.343432837797984,10.119945108371809
71.7453945367695,-73.10137341706128,26.676308758008133
51.43165648711117,-71.05723096693349,15.253404318470809
37.234322891130645,-60.65924885678695,23.100273530633203
71.2786780320455,-0.4394970721221636,34.031047187853616
-53.82444941728765,-58.76198651420701,28.827049113007934
3.8675958422944134,53.473894588100165,32.57823876864898
-31.333310964710925,-48.67368973262784,45.82401207609468
31.754585871736452,-47.47425958595426,10.294556135188643
-43.44194922667517,28.531487343411577,32.71271156744556
0.4932867513453898,99.04620485981299,41.076956844003035
-39.34449608944899,8.501978188483218,10.0
10.505884686864665,46.52070084895736,14.795859475177519
-67.77458058914382,-26.740375993916075,45.78258199979311
13.709792923656593,-85.10625103077645,20.343414526241087
-2.8580263786445403,-60.95981223326093,43.14506940190262
-74.49609129726626,94.99087178066415,10.0
8.738433846007476,0.8402556318251042,10.0
-59.901878253468446,97.12738246805816,10.977907224568256
34.03217199996051,-33.115483675239,10.859404316737752
11.622443407237126,73.388725810084,23.721601925148324
-53.52433650167836,-43.594159669062925,28.005532350286217
3.11769712196468,-2.2912717574970376,10.0
-37.00160531626402,11.234415846361156,46.24700186490644
69.31850978428074,62.43611627207819,15.4093503749622
-10.524743944519388,70.57439007501434,40.859341852072426
-79.98295512105919,-1.333937859016876,10.0
80.31841707882205,91.85839379781082,15.20537248856441
71.21764971033306,-68.24710634103191,47.42913631040065
-42.73402521763734,-92.80912433925532,10.0
-48.19704590928673,-18.703951395313446,18.30736245998717
-86.72572528836027,-31.43629594199315,35.84764417181185
-36.473665674423295,-44.836338210691686,27.27035829385348
-89.63140095133733,14.535653508069736,10.0
88.83766356638039,33.88581919010818,15.039060142771598
43.44346040864417,80.86344639485709,10.0
10.731840032291196,72.79105799975684,10.0
-28.051046024028793,49.251767034943406,10.0
-68.16353978313418,89.84934569215774,23.590058139192095
-13.408391767040007,-6.250564209176801,31.54958935175761
-44.127564618021765,14.034963299584113,23.197913553557882
92.2075264330629,-70.48031809663378,20.367625974338505
-80.37356883832219,-80.69374737968514,49.57062601620977
-18.60088951497143,96.77775472145129,10.94494220429773
-98.32471079963858,89.17150908906912,29.447031896963153
13.611785919264264,85.77500260872529,37.22638103163102
15.321953673448018,97.39177231997769,10.983641560414231
-72.57114773453243,61.89413139306037,15.840756476910661
34.44371320828412,-77.18159941834244,23.3520199722159
-71.42525450839167,8.147966661705652,39.39936488955156
1.8462994507372876,36.387620508747155,19.332189665026718
-26.24760949397471,-3.3908265376159763,45.64204459834561
-50.17852212829288,-99.08096185827273,10.0
-72.74357559333171,71.45814740447847,18.698852572429963
-76.14177357534848,-53.209638669700276,31.93709304922696
-89.5223747086151,22.25847684607931,37.997930449096664
-13.020137061390225,36.46898464003687,41.260584844167404
54.14107611735726,-39.613281602063125,10.0
70.18283646136554,19.458595211134778,39.22693933397007
24.256533485918187,-21.801598674179722,42.36127908486412
-24.022462320379034,11.091649414910298,15.162937461950127
35.98220728344792,-79.3351767560309,47.81895205380094
-37.24689914805628,-94.0678320605487,44.7401236450989
45.327596599863405,-33.28784011676893,15.59941879834652
82.89663821747652,11.083623812841935,19.56406124615991
-81.0209038520888,2.3726966372635827,10.0
32.99539036645038,18.04137395133958,21.69603097538137
-28.625441189761847,29.092542271119793,40.057370555735
52.45818405246718,-0.3182414945860579,48.17699137645396
89.00113823020462,-29.374171466358213,21.247926010502255
-55.25155942972013,-22.398039954650883,17.955354960613555
-88.54935614915797,60.74646112465047,35.41661687311242
28.56037004662757,3.58940664650369,28.52095891240679
-82.24457828942946,31.679417150111888,10.0
33.58768299973085,-82.35963125189795,24.277245793151476
21.44427702622549,-5.5261916048036985,10.0
-96.0800360454313,80.20388592604006,21.300950629053233
-21.24133112845228,-10.800534575796416,18.13476776529014
-8.098539462776477,-71.10382880420023,10.0
-95.77279768784892,-87.2387608174353,33.71618312120977
-25.261819730996528,-60.774582264743124,40.63315348272909
13.113427395219968,83.70558786282277,10.013196936602482
-98.22496460368757,38.97688929657861,10.0
-67.43093072233273,-93.88650060393404,10.0
79.6263473945802,-86.4171295100204,18.4110164550655
-28.913336283764266,-12.765790571456126,25.339355006136277
-38.04929696650532,21.8191163460691,10.0
16.43133565262096,35.2500543560518,10.0
4.432924385663073,67.43782850783207,12.318004048657194
76.49115387034502,-52.27476351603448,32.108518718314194
-45.53110703199836,-50.173006906760854,30.004050324334557
-40.03598864342286,-89.53056493567877,39.00986669313695
-38.3226586410385,69.44808087474628,34.91286169525759
-79.7991456587588,-51.69555088898896,10.0
-40.99566028421291,-84.91831609671696,40.27416399226942
45.78095840832517,83.31338987284462,22.112156452527326
-31.624221456951208,-5.322974139939185,27.329447754431826
-42.78636889632068,-83.1627855606038,32.25140500865841
91.26952122143923,-27.269666716073914,28.64592704743247
99.89583022645874,16.110564647850456,10.0
-32.52961572134272,-65.14185705163553,11.588139867126207
-4.975688640012743,-64.6664303274533,26.821838467775777
65.92993199812258,-31.17446164105837,31.561252741433055
-80.11897074363804,-35.72009284935505,10.0
1.6229283398859984,-13.80098809503898,26.984204916368697
66.76731327109782,-37.50119329805184,27.673183204729646
54.02459868269853,-5.4448982289952985,15.052631382876896
63.20006995099499,8.475793974016854,41.333352957372206
-89.69000471691,92.91908471844923,47.82087794898185
36.26475757449876,1.083658194512327,13.193256705053946
92.65872656155933,-90.69882395259734,10.0
40.189491314449576,-31.634987654779167,10.0
